Email,Senha,Saldo
pede.nec.ante@hotmail.org,4450,$3148.06
massa.non@protonmail.couk,7968,$2887.32
eu.euismod.ac@outlook.net,8935,$3222.16
donec.dignissim.magna@yahoo.com,6347,$4993.98
metus.eu@outlook.couk,8764,$1531.68
aenean.eget@google.net,5324,$3866.97
cum.sociis@protonmail.com,5982,$1436.15
elit.nulla.facilisi@aol.net,5030,$1413.36
iaculis.aliquet@google.com,7704,$2389.52
ante.lectus@aol.edu,1420,$3374.26
nunc.id.enim@hotmail.edu,8238,$2666.95
vel.nisl@icloud.net,2089,$2808.26
magna.lorem.ipsum@hotmail.net,9632,$1827.20
semper@google.com,2369,$3403.69
purus.accumsan.interdum@hotmail.org,7405,$2781.12
tellus@outlook.ca,8643,$3485.38
rutrum.urna.nec@outlook.org,5906,$2987.94
pede.malesuada@yahoo.ca,6922,$1725.53
dolor.tempus@protonmail.org,5495,$1999.41
eu.tellus@outlook.org,3858,$4541.55
amet.dapibus.id@aol.net,8009,$3856.31
nonummy@aol.net,3794,$3157.80
auctor.quis.tristique@protonmail.ca,1879,$2827.10
nulla@yahoo.net,3756,$3121.67
ante.ipsum@protonmail.net,1858,$3098.33
donec.at.arcu@hotmail.edu,3703,$1651.31
amet@icloud.couk,5330,$1770.36
rhoncus.nullam@icloud.edu,7627,$4838.53
ut.tincidunt@outlook.ca,1708,$5021.36
condimentum.eget@yahoo.ca,5986,$2752.36
nec@google.ca,6328,$1148.14
sollicitudin.adipiscing@hotmail.ca,2437,$1480.44
integer.sem@outlook.edu,6050,$3874.33
mi.felis@icloud.net,8787,$3036.11
magna.sed@google.edu,5147,$2404.84
euismod.in.dolor@protonmail.edu,5617,$2800.26
orci.in@hotmail.com,6941,$2229.06
ipsum@yahoo.ca,1574,$3631.21
et.pede@icloud.edu,5586,$2764.58
vel@yahoo.net,6694,$3498.16
erat.sed@google.ca,9525,$4233.55
turpis@hotmail.org,6918,$3758.44
cum.sociis.natoque@protonmail.edu,8377,$4637.24
ac.mi.eleifend@aol.edu,6625,$2374.98
amet.orci@google.org,1985,$4126.76
mauris.molestie@hotmail.couk,7512,$3533.17
ac.arcu@google.org,6304,$1385.94
vestibulum.ante@google.org,1423,$2183.80
molestie.arcu@hotmail.edu,1385,$2606.12
orci.tincidunt.adipiscing@google.com,2364,$2951.41
nunc.mauris@aol.ca,8587,$4058.64
suspendisse.sed@protonmail.edu,7213,$4562.06
molestie@outlook.net,4036,$2186.52
sed.nec@protonmail.org,8625,$2784.28
sociis.natoque@icloud.couk,1682,$2802.42
habitant.morbi.tristique@icloud.com,6655,$3292.92
nunc.quis@google.net,6831,$5479.55
fames.ac@protonmail.edu,9422,$5053.83
cras.sed@protonmail.couk,9361,$4431.21
amet.diam@aol.edu,5773,$5468.18
eget.dictum@google.edu,4254,$5246.18
erat.eget.ipsum@protonmail.net,1134,$1783.30
dapibus.rutrum@yahoo.couk,7044,$5315.28
laoreet.libero.et@aol.couk,6564,$2128.76
ligula.elit.pretium@protonmail.org,2058,$4975.87
enim@google.edu,4240,$4485.43
sed.auctor@outlook.ca,8122,$2495.19
vel.quam@hotmail.net,8925,$1788.72
tempor@yahoo.edu,6937,$4328.32
in.dolor@google.com,5512,$4431.20
nulla@hotmail.org,2111,$1913.28
placerat@aol.org,9676,$3635.37
nisl.arcu@icloud.net,8987,$2818.78
tortor.nibh@aol.com,8637,$3573.27
ipsum.dolor@protonmail.com,7654,$2477.20
non.justo@google.com,3500,$1970.81
interdum.nunc@protonmail.couk,8654,$2872.97
nonummy@google.couk,9446,$1107.64
interdum.sed@aol.edu,2169,$4530.47
amet.dapibus@icloud.org,5962,$4002.60
pellentesque@outlook.ca,7659,$3892.12
integer.mollis@aol.com,1884,$4875.01
ut.sem@icloud.com,5033,$2682.02
cum@protonmail.edu,7328,$4868.67
velit@yahoo.edu,6705,$2772.01
volutpat@hotmail.net,1140,$3638.11
ipsum.donec@icloud.org,8764,$2771.94
et.arcu.imperdiet@google.couk,3003,$1513.31
dui.fusce@protonmail.org,3742,$1550.32
elementum.dui.quis@protonmail.ca,9403,$2389.17
dui@protonmail.ca,6660,$5267.57
sollicitudin.commodo.ipsum@aol.net,9598,$4656.26
tincidunt@outlook.com,1637,$1578.28
arcu@google.edu,2989,$1779.17
vitae.purus@google.net,7705,$2422.47
nec@aol.ca,2536,$5144.89
diam.pellentesque@yahoo.couk,1173,$3461.80
at@hotmail.edu,1311,$4848.40
semper.tellus.id@icloud.net,1123,$5333.88
iaculis.nec@aol.com,7719,$1774.01
